EX,rarity,Mother Cat / Beefcake Cat?
EX,rarity,Drunken Master Cat / Dancer Cat?
EX,rarity,Super Mr. / Hyper Mr.?
EX,rarity,Bondage CatNEO / Ultimate Bondage Cat?
EX,rarity,Executioner / Dark Lazer?
EX,rarity,Cat Gang / Heavy Assault C.A.T?
EX,rarity,Leaf Cat / Lollycat?
EX,rarity,Miss MONEKO?
EX,rarity,Biker Cat / Unicycle Cat?
EX,rarity,Ninja Frog Cat / Flying Ninja Cat?
EX,rarity,Devil Cat / Skelecat?
EX,rarity,Knight Cat / Pastry Cat?
EX,rarity,Madame Sumo / Riceball Cat?
EX,rarity,Samba Cat / Gato Amigo?
EX,rarity,Tights Cat / Loincloth Cat?
EX,rarity,True Valkyrie Cat / Holy Valkyrie Cat?
EX,rarity,Crazed Bahamut Cat / Awakened Bahamut Cat?
EX,rarity,Full Color Kerihime / Wedding Kerihime?
EX,rarity,Cat Princess Beauty?
EX,rarity,Cramped Cats?
EX,rarity,Luchador Cat?
SR,rarity,Avalokitesvara Cat / Tathagata Cat?
SR,rarity,Angry Delinquent Cat / Ultra Delinquent Cat?
SR,rarity,Dancing Flasher Cat / Can Can Cat?
SR,rarity,Sadako Cat / Octopus Cat?
UR,rarity,Unknown Cat / Ultralan Pasalan?
SR,rarity,Hacker Cat / Cyberpunk Cat?
SR,rarity,Butterfly Cat / Fishman Cat?
RR,rarity,Masai Cat / Jiangshi Cat?
RR,rarity,Solar Cat / Chill Cat?
SR,rarity,Face Cat / iCat?
SR,rarity,Sexy Bath Cat / Luxury Bath Cat?
RR,rarity,Paris Cat / Cyborg Cat?
UR,rarity,Ice Queen Cat / Ice Crystal Cat?
UR,rarity,Cat Machine Mk 2 / Cat Machine Mk 3?
UR,rarity,Greater Demon Cat / Balrog Cat?
EX,rarity,Geisha Cat?
RR,rarity,Jurassic Cat Sitter / Catasaurus?
RR,rarity,Thor Cat / Maximum the Fighter?
RR,rarity,Captain Cat / Dread Pirate Catley?
RR,rarity,Phantom Thief Cat / Goemon Cat?
RR,rarity,Monk Cat / Sanzo Cat?
RR,rarity,Fisherman Cat / Doctor Cat?
RR,rarity,Necromancer Cat / Necro-Dancer Cat?
UR,rarity,Filibuster Cat?
EX,rarity,Cat Transportation Type 10?
RR,rarity,Sorceress Cat / Enchantress Cat?
RR,rarity,Cupid Cat / Cataur?
UR,rarity,Berserker Cat / Paladin Cat?
RR,rarity,Sword Master Cat / Elemental Duelist Cat?
UR,rarity,Baby Cats / Cats in the Cradle?
RR,rarity,Michaelangelo Cat / Quizmaster Cat?
SR,rarity,Fried Shrimp Cat / Roe Cat?
EX,rarity,Vendor Cat?
RR,rarity,Kidnapper Cats / Rampage Cats?
RR,rarity,Swordsman Johnny?
RR,rarity,Giraffe Princess?
UR,rarity,Dark KHM48 / KHM46?
RR,rarity,Chibigaugau?
SR,rarity,Enforcer 999 / Judgement?
SR,rarity,Sleeping Beauty II / Sleeping Beauty III?
RR,rarity,Grudge Cat / Ritual Cat?
UR,rarity,Wargod Yukimura / Immortal Yukimura?
UR,rarity,Wargod Keiji / Immortal Keiji?
UR,rarity,Wargod Nobunaga / Immortal Nobunaga?
RR,rarity,Sashimi Cat / Xmas Pudding Cat?
UR,rarity,Windy type α / Divine Windy?
UR,rarity,Thundia type β / Divine Thundia?
RR,rarity,Droid Cat Mk2 / SpringDroid?
RR,rarity,Major Space Cat / Space Marine Cat?
RR,rarity,Sick Cat / Prisoner Cat?
RR,rarity,Gentleman Cat / Gentleman Bros.?
RR,rarity,Cat-o-tron / Nyalladin?
EX,rarity,Orange Ninja Cat?
UR,rarity,Earth King Sodom / God-Emperor Sodom?
UR,rarity,Holy Dragon Megidora / God-Emperor Megidora?
UR,rarity,Dragon King Vars / God-Emperor Vars?
UR,rarity,God Dragon Kamukura / God-Emperor Kamukura?
UR,rarity,Dragonslayer Raiden / God-Emperor Raiden?
RR,rarity,Pair Rope Jump Cat / Noodle Cats?
UR,rarity,Neutralization Type Nimue?
UR,rarity,SSS Monkey King?
SR,rarity,Crazed Macho Cat / Manic Mohawk Cat?
SR,rarity,Crazed Wall Cat / Manic Eraser Cat?
SR,rarity,Crazed Brave Cat / Manic Dark Cat?
SR,rarity,Crazed Sexy Legs Cat / Manic Macho Legs?
SR,rarity,Crazed Giraffe Cat / Manic Lion Cat?
SR,rarity,Crazed UFO Cat / Manic Flying Cat?
SR,rarity,Crazed Whale Cat / Manic Island Cat?
SR,rarity,Crazed Dragon Cat / Manic King Dragon?
SR,rarity,Crazed Mythical Titan / Manic Jamiera Cat?
RR,rarity,Sportsgirl Cat / Wrestling Cat?
EX,rarity,Clone ElleCC?
EX,rarity,Red MarronCC?
EX,rarity,Mega Cat / Mega Cat EX?
RR,rarity,Gross Koi Cat / Kiss and Koi?
UR,rarity,Kuu type γ / Divine Kuu?
UR,rarity,Kai type μ / Divine Kai?
UR,rarity,Coppermine type κ / Divine Coppermine?
EX,rarity,Secret Base?
RR,rarity,Madam King / Madam the Savannah?
RR,rarity,Celesse CC?
RR,rarity,Nono CC?
RR,rarity,Olga CC?
RR,rarity,Norn CC?
RR,rarity,Yoichi CC?
RR,rarity,Serum CC?
RR,rarity,Fuu CC?
SR,rarity,Aura CC?
SR,rarity,Rei CC?
UR,rarity,Wyvern CC?
EX,rarity,Healer CC / Healer Cat CC?
EX,rarity,Merc CC / Merc Cat CC?
RR,rarity,Office Lady Cat / Call Center Cat?
EX,rarity,Brah Cats?
UR,rarity,Wargod Masamune / Immortal Masamune?
UR,rarity,Wargod Shingen / Immortal Shingen?
RR,rarity,Puppetmaster Cat / Puppetmaster & Charley?
EX,rarity,Cooldown Cat / Bombercat?
RR,rarity,Groucho Cat / Kite Cat?
SR,rarity,Gold Macho Cat?
EX,rarity,Ururun Cat / Awakened Ururun?
SR,rarity,Miss NENEKO?
RR,rarity,Drunken Master Cat X / Iron Claw X?
EX,rarity,Bikyakin / Mukyakin?
UR,rarity,Guardian Gamereon / King Gamereon?
UR,rarity,Super Galaxy Cosmo / Ultima Galaxy Cosmo?
UR,rarity,The Peach Angels / The Peach Devils?
UR,rarity,Jizo's Moving Castle / Jizo's Mega-Castle?
UR,rarity,The Death Moon / The Chaos Moon?
EX,rarity,Nekondo HG / Nekondo SP?
EX,rarity,Muscleman Cat?
EX,rarity,Secret God?
EX,rarity,Behind Tutorial?
UR,rarity,Heartful Nurse Cat / Joyful Nurse Cat?
SR,rarity,Cat Base Jr. / Cat Base Ultra?
RR,rarity,Cat Eastwood / Rodeo Cat?
RR,rarity,Totem Cat / Acrobat Cats?
RR,rarity,Plane Cat / Robocat?
RR,rarity,Artist Cat / Ramen Cat?
RR,rarity,Commando Cat / Cameraman Cat?
SR,rarity,Princess Juliet Cat / Juliet the Maiko?
SR,rarity,Ring Girl Cat / Pizza Cat?
SR,rarity,Drama Cats / Slapstick Cats?
SR,rarity,Projector Cat / Catophone?
RR,rarity,Showoff Cat / Hoopmaster Cat?
UR,rarity,Rooster Cat?
RR,rarity,Drury Witch?
EX,rarity,Gorubo?
UR,rarity,Wargod Kenshin / Immortal Kenshin?
UR,rarity,Kalisa type χ / Divine Kalisa?
SR,rarity,Reincarnated Spirit Yuurinchii / Gekirinchii?
UR,rarity,Crazed Kerihime CC / Manic Kerihime?
EX,rarity,Shōyan & Nyanko?
EX,rarity,Hikaru & Nyanko?
EX,rarity,Tommy & Cat?
EX,rarity,Ranma & Nyanko?
EX,rarity,Matsu & Nyanko?
RR,rarity,Sukeban Cat?
UR,rarity,Asilan Pasalan / Assassinlan Pasalan?
UR,rarity,Kubilan Pasalan / E. Kubilan Pasalan?
UR,rarity,Tesalan Pasalan / Lufalan Pasalan?
UR,rarity,Balalan Pasalan / Piccolan Pasalan?
EX,rarity,Dark Emperor Catdam / Schoolbus Nyandam?
SR,rarity,Young Man Mola / Non-Celebrity Mola?
UR,rarity,Living Legend / Pacific Ocean King?
EX,rarity,Catorpedo?
RR,rarity,Creepmallow?
UR,rarity,Archdragon Dioramos / God-Emperor Dioramos?
EX,rarity,Yakuza Vampire?
RR,rarity,Takuya Yuki and Cat / Takuya and Lovely Yuki?
UR,rarity,Mystery Girl Yuki & Cat / Mystery Catgirl Yuki?
EX,rarity,Beauty Yuki Cat?
EX,rarity,Cuckoo Crew 12+1?
RR,rarity,Cat Kart G / Cat Kart P?
EX,rarity,Mint?
UR,rarity,Hearsht CC / Revolutionary Hearscht CC?
UR,rarity,Cornelia CC?
UR,rarity,Juvens CC / Holiday Knight Juvens CC?
UR,rarity,Mystica CC?
SR,rarity,Alois CC?
SR,rarity,Citrouille CC?
EX,rarity,Titi CC / Titi Cat CC?
EX,rarity,MISS Yamaoka Minori?
EX,rarity,MISS Nakamura Kanae?
UR,rarity,Shadow Akira / Inferno Akira?
UR,rarity,Dr. Mekako / Mission Control Mekako?
UR,rarity,Dark Catman (キャットマンダーク Kyattoman Daaku Cat Man Dark)/Ultimate Catman?
RR,rarity,Neo Psychocat / Corrupted Psychocat?
RR,rarity,Magica Cat / Thaumaturge Cat?
SR,rarity,Castaway Cat / Seafarer Cat?
SR,rarity,Metal Macho?
RR,rarity,Banner Cat (プラカードにゃん Purakādo nyan) / Mochi Cat?
EX,rarity,Big Baozi?
UR,rarity,Fire Squad Kachiyama / Kachiyama Assault Brigade?
EX,rarity,Airou & Melaleu?
EX,rarity,Sheria - KirinX?
EX,rarity,Rathalos & Cat?
EX,rarity,Rathian & Cat?
EX,rarity,Kirin Neko Kirin?
EX,rarity,Li'l Macho Cat / Li'l Mohawk Cat?
EX,rarity,Li'l Wall Cat / Li'l Eraser Cat?
EX,rarity,Li'l Brave Cat / Li'l Dark Cat?
UR,rarity,The Black Cat / The Grey Fox?
EX,rarity,Cat Royale / Value Meal Cat?
RR,rarity,HYAKUTARO CC?
RR,rarity,MARCO CC?
RR,rarity,TARMA CC?
RR,rarity,ERI CC?
RR,rarity,FIO CC?
SR,rarity,SV-001 CC?
SR,rarity,ALLEN O'NEIL CC?
RR,rarity,MARS PEOPLE CC?
UR,rarity,HUGE HERMIT CC?
UR,rarity,JUPITER KING CC?
UR,rarity,DONALD MORDEN CC?
UR,rarity,HI-DO CC?
UR,rarity,Dark Merchant Babil / Mad Doctor Klay?
RR,rarity,Cat O'Lantern?
SR,rarity,Witchy Neneko?
UR,rarity,Hallowindy α?
UR,rarity,Spooky Thundia β?
EX,rarity,Oden CC?
RR,rarity,Junior God of Light - Valkyrie CC?
RR,rarity,Junior God Brynhildr CC?
RR,rarity,Junior God Suruzu CC?
SR,rarity,Goddess of Abundance - Freya CC?
UR,rarity,God of War - Odin CC?
SR,rarity,Prof. Cat Jobs / Headmaster Cat Jobs?
SR,rarity,Rich Cat Sr. / Richest Cat?
SR,rarity,Sniper the Heavy / Sniper the Deadeye?
UR,rarity,Togelan Pasalan / Shishilan Pasalan?
UR,rarity,Frosty Kai Type μ?
UR,rarity,Santa Kuu Type ?
UR,rarity,Holy Coppermine Type ?
RR,rarity,Cat's Gift?
EX,rarity,Li'l Sexy Legs Cat / Li'l Macho Legs Cat?
EX,rarity,Li'l Giraffe Cat / Li'l Lion Cat?
EX,rarity,Li'l UFO Cat / Li'l Flying Cat?
EX,rarity,Bake-Nyanko (化けにゃんこMonsterenchanted cat)?
RR,rarity,Sailor Swordsman / Swordsman of Myuu?
RR,rarity,Cavalry Soldiers of Forest / Black Cavalry Soldiers of The Thunderclap?
RR,rarity,Warrior Ashura / Sengoku Ashura?
RR,rarity,Pirate Battle Balloon / Ufo Battle balloon?
RR,rarity,Horn Dragon Rider / Flame Dragon Rider?
RR,rarity,Lovely Pretty Cat / Cyber Pretty Cat?
RR,rarity,Cyclops of Steel / Cyclops of Time-Space?
EX,rarity,Rabbit Golem / Volcano Golem?
UR,rarity,The Majestic Zeus / Almighty Zeus?
UR,rarity,Anubis the Unblemished / Almighty Anubis?
UR,rarity,Megaphrodite / Almighty Aphrodite?
SR,rarity,Drone Cat / Time Traveller Cat?
UR,rarity,Oni Hayabusa / Akuma Hayabusa?
EX,rarity,Neko Nyamusu?
EX,rarity,Tank Pochi?
EX,rarity,Kuromi and Cats?
EX,rarity,Setsuko Love Mackerel?
EX,rarity,Nebaaru-kun and Cat?
SR,rarity,Hurricat / Catyphoon?
EX,rarity,Crimson Mina / Awakened Mina?
UR,rarity,Mighty Lord Gao?
UR,rarity,Crazed Yuki Cat / Crazed Catgirl Yuki?
UR,rarity,Glorious Amaterasu / Almighty Amaterasu?
UR,rarity,Exalted Ganesha / Almighty Ganesha?
SR,rarity,Waitress Cat / Soba Cat?
UR,rarity,Tropical Kalisa ?
UR,rarity,Midsummer Cat?
SR,rarity,Seaside Neneko?
RR,rarity,Funghi 'n' Cat?
EX,rarity,Tanky 'n' Cat?
EX,rarity,Gross White Cat?
EX,rarity,Castley?
RR,rarity,Massaging Futenyan?
RR,rarity,So-Ran Cat?
UR,rarity,Pai-Pai Z/283-3?
SR,rarity,Maglev Cat / Bullet Train Cat?
EX,rarity,Crazed Big Baozi Cat?
UR,rarity,Assault Unit R.E.I. / Flight Unit R.E.I.?
SR,rarity,Major Leaguer Cat / Golfer Cat?
UR,rarity,Madoka & Cat?
UR,rarity,Homura & Cat?
UR,rarity,Sayaka & Cat?
UR,rarity,Mami & Cat?
UR,rarity,Kyoko & Cat?
SR,rarity,Kyubey & Cat?
RR,rarity,Magical Girl Madoka Cat?
RR,rarity,Magical Girl Homura Cat?
RR,rarity,Magical Girl Sayaka Cat?
RR,rarity,Magical Girl Mami Cat?
RR,rarity,Magical Girl Kyouko Cat?
RR,rarity,Li'l Magical Girl Madoka / Li'l Ultimate Madoka?
EX,rarity,Li'l Magical Girl Homura / Li'l Devil Homura?
RR,rarity,Tank Kyubey Cat?
UR,rarity,Succubus Cat?
RR,rarity,Delivery Cat?
UR,rarity,CAT-6 Siege Engine / CAT-8 Behemoth?
UR,rarity,B.C.S. Lionheart / B.C.S. Tigerclaw?
UR,rarity,NEK-0 Sky Fortress / NEK-02 Air Citadel?
SR,rarity,Polevaulter Cat / Housewife Cat?
RR,rarity,Lumbercat / Weedwacker Cat?
EX,rarity,Neko Hakase and Cat?
UR,rarity,Yule Knight Nurse?
EX,rarity,Li'l Whale Cat / Li'l Island Cat?
EX,rarity,Li'l Dragon Cat / Li'l King Dragon Cat?
EX,rarity,Li'l Mythical Titan / Li'l Jamiera Cat?
SR,rarity,New Year Neneko?
RR,rarity,NEKOTARO?
UR,rarity,Valiant Poseidon / Almighty Poseidon?
EX,rarity,PPAP (*Pen-Pineapple-Apple-Pen*)?
UR,rarity,Mitama the Oracle?
RR,rarity,True Killer Cat?
RR,rarity,123 ~ Hara Idols Cat?
EX,rarity,Miya Ōdō Rabbit?
UR,rarity,Rock Revengers (爆音楽奏サルカニヘヴン Monkey-Crab Explosive Musical Heaven) / The One-Hit Wonders?
EX,rarity,Heroic Musashi (主演 宮木武蔵 Leader Miyagi Musashi) / Awakened Musashi?
RR,rarity,Zamboney Cat (ネコクリーナー) / Green Shell Cat (ネコカメカー)?
RR,rarity,Heavyweight Cat (ネコチャンピオン Champion Cat) / Ectoweight Cat?
UR,rarity,Miraculous Mobius?
SR,rarity,Reckless Belial?
EX,rarity,Heartful Happy 100?
RR,rarity,Easter Cat?
UR,rarity,Full-Bloom Kenshin?
UR,rarity,Disciple Psychoduck?
SR,rarity,Hoppity Neneko?
UR,rarity,Diabolic Gao?
UR,rarity,Himeyuri Ninetails / Fox Queen Himeyuri?
UR,rarity,Sea Mistress Ruri / Mer-Queen Ruri?
UR,rarity,Pharoah Reika / Eternal Reika?
UR,rarity,Princess ShipCC / Premium Ship CC?
UR,rarity,Wargod Yoshimoto (武神・今川義元) / Immortal Yoshimoto?
EX,rarity,?
RR,rarity,Red-haired Beauty Snow Cat?
UR,rarity,Lost World Yuki & Cat / Lost World Catgirl Yuki?
EX,rarity,Longlife Meneki-Neko (ネコまねき・寿)?
RR,rarity,Slugcat (ネコなめ)?
SR,rarity,Orthos CC / Artist Orthos CC?
UR,rarity,Michelia CC / Naptime Michelia CC?
UR,rarity,Todomeki CC?
EX,rarity,Gude Omelet Cat / Gudebene Cat?
RR,rarity,Gudetama Bacon Plate?
SR,rarity,Gudegude á la mode?
UR,rarity,Nisetama Cat Army?
UR,rarity,Twinstars type Ф / Divine Twinstars?
EX,rarity,Grandmaster Cat?
EX,rarity,Cat and Chocolate / Chocolate Cat?
UR,rarity,Seashore Kai type µ?
UR,rarity,Orbital Platform Armaggedon / Orbital Annihilator Ragnarok?
EX,rarity,Awakened Nora?
UR,rarity,Wolf Princess Deale / Jester Queen Deale?
UR,rarity,Verbena the Bride / Opulent Verbena?
UR,rarity,Bazibon / Bazibastra?
UR,rarity,Marinmizu / Mizuririn?
UR,rarity,Erphuan / Aervanta?
UR,rarity,Saber CC / Saber Alter CC?
UR,rarity,Rin Tohsaka CC?
UR,rarity,Illyasviel CC?
UR,rarity,Archer CC?
UR,rarity,Lancer CC?
UR,rarity,Rider CC?
UR,rarity,Gilgamesh CC?
EX,rarity,Heroic Spirit Saber Cat / Saber Alter Cat?
RR,rarity,Apron Sakura Cat / Dreaming Sakura Cat?
RR,rarity,Mage Rin Cat?
RR,rarity,Snow Faerie Illya?
RR,rarity,Li'l Shirou CC?
EX,rarity,Li'l Sakura CC?
EX,rarity,Macho Coin Cat?
RR,rarity,Rover Cat Mk II / Catellite?
SR,rarity,Kendo Cat / The Kitty of Liberty?
UR,rarity,Gothic Mitama?
RR,rarity,Ballet Cat / Curry Cat?
UR,rarity,Meow-sketeer?
EX,rarity,Harvest Cat?
RR,rarity,Macho Glass Cat / Macho Crystal Cat?
EX,rarity,Mystic Yulala?
EX,rarity,Satori Hikami & Cat CC?
RR,rarity,Akio Yabe CC / Akio & Gunder CC?
RR,rarity,Sairi Nijitani CC?
RR,rarity,Misaki Konno CC?
RR,rarity,Ren Katagiri CC?
RR,rarity,Karin Nekozuka CC?
SR,rarity,Aoi Hayakawa CC / Baseball Mask ?
SR,rarity,Mizuki Tachibana CC / Baseball Mask ?
SR,rarity,Hijiri Rokudo CC / Baseball Mask γ
UR,rarity,Saki Nijima CC / Samba Saki CC?
UR,rarity,Subaru Hoshi CC / Dark Subaru CC?
UR,rarity,Miyabi Oyama CC / Baseball Mask ?
UR,rarity,Ganglion the Ancient / Ganglion the Unleashed?
UR,rarity,Afterschool Sakura / Sacred Blade Sakura?
EX,rarity,Honeyto-Kun & Cat?
RR,rarity,Mentori CC?
EX,rarity,Imoto CC?
UR,rarity,Volta / Gigavolta?
RR,rarity,Plug Suit Shinji / Plug Suit Shinji Black?
EX,rarity,Moon Gendo & Fuyutsuki Cats?
RR,rarity,Giraffe Unit-02?
EX,rarity,Plug Suit Kaworu / Moon Kaworu?
RR,rarity,Ayanami Cat (TBC)?
RR,rarity,Apron Asuka?
RR,rarity,Special Ops Mari?
SR,rarity,Plug Suit Rei?
SR,rarity,Plug Suit Asuka / Eyepatch Li'l Asuka?
SR,rarity,Plug Suit Mari?
UR,rarity,Eva Unit-00 & Cat?
UR,rarity,Eva Unit-01 & Cat?
UR,rarity,Eva Unit-02 & Cat / Unit-02 Code 777?
UR,rarity,Toji & Kensuke Cats?
UR,rarity,NERV Moon?
UR,rarity,Subterra Guardians / Subterra Sentinels?
EX,rarity,Corrupted Moneko?
RR,rarity,Pokota CC?
RR,rarity,Ovis CC?
RR,rarity,Coco CC?
RR,rarity,Moe Uzumasa & Cat CC?
RR,rarity,Saki Matsuga & Cat CC?
RR,rarity,Misa Ono & Cat CC?
EX,rarity,Rei Uzumasa & Cat CC?
EX,rarity,Mecha-Bun Mk II / Ultimate Mecha-Bun?
UR,rarity,Cat Guild Heroes / Cat Quest Heroes?
RR,rarity,Stylish Souma Cat?
SR,rarity,Hacker Geek Cat?
UR,rarity,Gudenekomashin - Tamago?
UR,rarity,Inspector Gabriel / Section Chief Gravicci?
RR,rarity,Black Betakkuma?
EX,rarity,Killer Nekokkuma?
EX,rarity,Kuro Nyanko Kenshi?
UR,rarity,Wind Dancer Valkyrie?
UR,rarity,Nobilan Pasalan / Mystican Pasalan?
EX,rarity,Cat God the Awesome/Cat God the Golden?
UR,rarity,Waverider Kuu γ?
UR,rarity,Chronos the Infinite / Almighty Chronos?
UR,rarity,Nagisa & Cat?
UR,rarity,Valiant D'arktanyan?
RR,rarity,Vendor Cat and Kitten / Vacation Cat?
SR,rarity,Power Driller Cat / Neo Driller Cat?
SR,rarity,Power Piledriver Cat / Neo Piledriver Cat?
SR,rarity,Power Cutter Cat / Neo Cutter Cat?
SR,rarity,Power Backhoe Cat / Neo Backhoe Cat?
SR,rarity,Power Saw Cat / Neo Saw Cat?
LR,rarity,Wargod Miyamoto?
LR,rarity,Headmistress Jeanne ?
LR,rarity,Babel the Darkflame?
LR,rarity,Colossal Benkei?
RR,rarity,Modern Cat / Future Cat?
EX,rarity,GeGeGe no Kitarō?
EX,rarity,Bathing Father?
LR,rarity,Cutie MOMOCO?
UR,rarity,Sakura Matou CC?
EX,rarity,Novice Mage Shirou cat?
RR,rarity,Heroic Spirit Archer Cat?
RR,rarity,Heroic Spirit Rider Cat?
SR,rarity,Gilgamesh & Kotomine Cats?
LR,rarity,Legelan Pasalan?
EX,rarity,Filibuster Cat Y?
LR,rarity,Doom Engine Pandora?
EX,rarity,Doguemon?
RR,rarity,Maji Cat & Cat Tour Taiwan?
LR,rarity,Yami Shinko Black Zeus?
UR,rarity,Almighty God Super Zeus?
UR,rarity,Holy Warrior Phoenix/Head Rokoko?
UR,rarity,False God Super Devil / Super D-Devilf?
UR,rarity,Wondermaria?
UR,rarity,Perfect Heracrist?
SR,rarity,Beastly Nero?
RR,rarity,Holy Yamato/Rampaging Yamato?
EX,rarity,Cross Angel/Strike Angel?
EX,rarity,Warrior King Cat?
EX,rarity,Infernal Cat?
EX,rarity,Old Guardian Cat?
LR,rarity,Luminalia?
EX,rarity,Lucky Cat?
RR,rarity,Cat Neko-Musume?
LR,rarity,Professor Abyss?
UR,rarity,Souma & Cat?
RR,rarity,Kano & Souma & Cat?
UR,rarity,Dark Rider Valkyrie?
UR,rarity,Karetto CC (カレットCC)?
SR,rarity,Swordsman Hina (剣士ひな Kenshi Hina)?
UR,rarity,Eva Unit-08 & Cat?
UR,rarity,NNN Wunder?
SR,rarity,Captain Misato?
SR,rarity,First Officer Ritsuko?
SR,rarity,Awakened Ayanami?
RR,rarity,HAPPI & Maji Cat / HAPPI & Maji Cat & Cat?
LR,rarity,Gaia the Supreme?
UR,rarity,Seabreeze Coppermine ?
RR,rarity,Flamenco Cat?
UR,rarity,Wargod Kaihime / Immortal Kaihime?
EX,rarity,Shakurel Macho Cat?
EX,rarity,Shakurel Lion CC & Cat?
EX,rarity,Shakurel Tiger CC & Cat?
EX,rarity,Shakurel Panda CC & Cat?
RR,rarity,Baka Cat Bros?
UR,rarity,Myrcia type ?
RR,rarity,3D Cat?
EX,rarity,Fatherly Cat (Active Service)?
UR,rarity,Gladios the Annihilator / God-Emperor Gladios?
UR,rarity,Eyewaltz CC?
RR,rarity,Supercat?
RR,rarity,Ryu Cat CC?
EX,rarity,Chun-Li Cat CC?
LR,rarity,Akuma CC?
UR,rarity,Ryu CC/Kage?
UR,rarity,Chun-Li CC?
UR,rarity,Guile CC?
UR,rarity,Zangief CC?
UR,rarity,Blanka CC?
UR,rarity,Dhalsim CC?
UR,rarity,Ken CC?
RR,rarity,Akuma Lion?
UR,rarity,Ultimate Lasvoss / Lasvoss Reborn?
SR,rarity,Bad-Luck Ebisu?
RR,rarity,Twintail Medusa Cat?
SR,rarity,Medalist Cat?
RR,rarity,Sifu Cat?
RR,rarity,Sorakara & Cat?
UR,rarity,Kinrangers RoboForce/Kinrangers GigaForce?
UR,rarity,Snow Angel Twinstars type Φ?
RR,rarity,Jellycat?
RR,rarity,Vodka Cat?
UR,rarity,Ritual Saint Kasli?
UR,rarity,Erume CC?
RR,rarity,Assassin BearCat/Cadaver BearCat?
EX,rarity,Urs & Minka?
UR,rarity,Nighthunter Saki?
UR,rarity,Hades the Deathdealer / Almighty Hades?
UR,rarity,Hatsune Miku CC?
UR,rarity,Sakura Miku CC?
UR,rarity,Kagamine Rin & Len CC?
RR,rarity,Miku Cat CC?
RR,rarity,Quarterback Cat?
RR,rarity,U.F.O. Yakisoba Cat?
EX,rarity,Splendid!Thick!Big!Cat?
EX,rarity,Cat Student?
UR,rarity,Kasli Daughter of Chaos?
LR,rarity,True Kyosaka Nanaho?
RR,rarity,Misama Cat?
UR,rarity,Papalan Pasalan?
UR,rarity,Heavenly Herald Rei?
UR,rarity,4th Angel Cat?
UR,rarity,6th Angel Cat?
UR,rarity,10th Angel Cat?
UR,rarity,9th Angel Cat?
RR,rarity,Moon Kaworu Cat?
RR,rarity,Boomerang Cat?
EX,rarity,Mystic Uril?
UR,rarity,All Seeing Shaman Khan?
SR,rarity,Holy King Alibaba / Ghost Alibaba?
EX,rarity,Heavenly Lord Jack?
EX,rarity,Lucky Gacha Cat?
UR,rarity,Hell Sentinel Emma?
UR,rarity,Megurine Luka CC?
SR,rarity,MEIKO & Cat CC?
RR,rarity,Luka Cat CC?
UR,rarity,Aquabuster Saki?
UR,rarity,Bikinilan Pasalan?
SR,rarity,Macho Suntan Cat?
SR,rarity,Sweet Bro Cats?
EX,rarity,Li'l Clops Cat?
EX,rarity,Idi:N2?
UR,rarity,Gravolo / Gravolodon?
UR,rarity,Nightmare King Vars?
UR,rarity,E. Honda CC?
UR,rarity,Balrog CC?
UR,rarity,Vega CC?
UR,rarity,Sagat CC?
UR,rarity,M. Bison CC?
SR,rarity,C. Honda CC?
RR,rarity,Balrog Cat CC?
RR,rarity,Vega Cat CC?
RR,rarity,Sagat Cat CC?
RR,rarity,M. BisonCat CC?
RR,rarity,Boulder Cat?
UR,rarity,Hatsune Miku Magical Mirai 2020 Osaka CC?
UR,rarity,Hatsune Miku Magical Mirai 2020 Tokyo CC?
UR,rarity,Maeda Christmas?
UR,rarity,Mighty Aegis Garu?
LR,rarity,Tyrant Cat?
UR,rarity,Chocoladite?
UR,rarity,First-Love Myrcia / Divine Myrcia?
SR,rarity,Sweetheart Neneko?
UR,rarity,Snow Miku CC 2021?
SR,rarity,Kaito & Cat CC?
RR,rarity,Neko Rin CC?
RR,rarity,Neko Len CC?
UR,rarity,Atlantis Logistix?
UR,rarity,Everbloom Kamukura?
UR,rarity,Ranma Saotome (F)?
UR,rarity,Akane Tendo (Gi)?
UR,rarity,Hibiki Ryoga?
UR,rarity,Shampoo?
UR,rarity,Mousse?
SR,rarity,Happosai (Lewd)?
SR,rarity,Ukyo Kuonji?
SR,rarity,Tatewaki Kuno?
RR,rarity,Ranma Cat (F)?
RR,rarity,Akane Cat (Gi)?
EX,rarity,Genma Cat?
UR,rarity,Swashbuckler Kanna?
EX,rarity,Wafer Cat BIG?
UR,rarity,Imperial Beast Dark Gadian?
EX,rarity,King Ingot Cat / King Nekokhamen?
RR,rarity,Shin Godzilla Cat?
UR,rarity,Empress Cat?
EX,rarity,Cat Mask Doron?